,date,Tmax,Normal of Tmax,Tmin,Normal of Tmin
0,29-01-23,31.6,30.4,12.2,11.3
1,30-01-23,30.7,30.4,14.9,11.3
2,31-01-23,30.6,30.4,14.4,11.3
3,01-02-23,28.5,31.0,14.8,12.0
4,02-02-23,30.1,31.0,13.9,12.0
5,03-02-23,30.4,31.0,11.5,12.0
6,04-02-23,32.3,31.0,10.3,12.0
7,05-02-23,33.1,31.4,10.9,12.0
8,06-02-23,34.1,31.4,11.5,12.0
9,07-02-23,33.1,31.4,11.5,12.0
10,08-02-23,33.5,31.4,12.4,12.0
11,09-02-23,34.2,31.4,11.7,12.0
12,10-02-23,35.0,31.6,11.4,12.4
13,11-02-23,35.7,31.6,11.5,12.4
14,12-02-23,34.1,31.6,10.7,12.4
15,13-02-23,32.3,31.6,10.6,12.4
16,14-02-23,32.3,31.6,9.3,12.4
17,15-02-23,34.1,32.3,8.4,12.9
18,16-02-23,34.3,32.3,9.4,12.9
19,17-02-23,34.7,32.3,10.8,12.9
20,18-02-23,34.5,32.3,9.9,12.9
21,19-02-23,33.7,32.3,9.4,12.9
22,20-02-23,35.2,33.3,10.5,13.4
23,21-02-23,36.7,33.3,12.2,13.4
24,22-02-23,35.7,33.3,12.0,13.4
25,23-02-23,35.1,33.3,12.5,13.4
26,24-02-23,35.2,33.3,12.0,13.4
27,25-02-23,35.1,33.9,12.5,13.6
28,26-02-23,35.3,33.9,12.1,13.6
29,27-02-23,35.4,33.9,12.4,13.6
30,28-02-23,34.7,33.9,12.8,13.6
31,01-03-23,34.6,33.9,12.5,13.6
32,02-03-23,34.1,34.2,14.3,14.7
33,03-03-23,34.1,34.2,14.4,14.7
34,04-03-23,35.2,34.2,16.3,14.7
35,05-03-23,35.2,34.2,15.9,14.7
36,06-03-23,33.3,34.2,15.8,14.7
37,07-03-23,30.1,34.6,17.4,14.7
38,08-03-23,33.2,34.6,13.2,14.7
39,09-03-23,33.3,34.6,17.5,14.7
40,10-03-23,33.8,34.6,15.8,14.7
41,11-03-23,35.2,34.6,14.7,14.7
42,12-03-23,34.7,34.9,16.7,15.7
43,13-03-23,34.7,34.9,16.3,15.7
44,14-03-23,34.9,34.9,16.8,15.7
45,15-03-23,34.3,34.9,19.4,15.7
46,16-03-23,31.5,34.9,18.6,15.7
47,17-03-23,31.4,36.4,15.2,16.4
48,18-03-23,31.4,36.4,15.8,16.4
49,19-03-23,31.8,36.4,15.0,16.4
50,20-03-23,31.2,36.4,16.4,16.4
51,21-03-23,29.8,36.4,17.1,16.4
52,22-03-23,31.1,36.7,14.9,17.0
53,23-03-23,32.2,36.7,16.3,17.0
54,24-03-23,33.5,36.7,14.7,17.0
55,25-03-23,33.8,36.7,15.3,17.0
56,26-03-23,34.6,36.7,12.5,17.0
57,27-03-23,34.8,37.2,13.6,17.8
59,29-03-23,35.7,37.2,15.6,17.8
60,30-03-23,32.9,37.2,14.7,17.8
61,31-03-23,32.8,37.2,19.9,17.8
62,01-04-23,34.3,37.3,15.5,18.2
63,02-04-23,35.1,37.3,15.8,18.2
64,03-04-23,35.2,37.3,16.4,18.2
65,04-04-23,36.6,37.3,18.2,18.2
66,05-04-23,36.8,37.3,18.2,18.2
67,06-04-23,37.2,37.4,17.5,19.1
68,07-04-23,36.0,37.4,19.9,19.1
69,08-04-23,34.9,37.4,21.1,19.1
70,09-04-23,36.9,37.4,19.7,19.1
71,10-04-23,37.1,37.4,19.3,19.1
72,11-04-23,38.6,37.8,19.9,19.7
73,12-04-23,38.8,37.8,20.2,19.7
74,13-04-23,37.9,37.8,21.2,19.7
75,14-04-23,36.9,37.8,18.3,19.7
76,15-04-23,37.6,37.8,21.1,19.7
77,16-04-23,36.1,38.0,18.2,20.4
78,17-04-23,38.2,38.0,19.2,20.4
79,18-04-23,39.2,38.0,19.7,20.4
80,19-04-23,40.0,38.0,20.4,20.4
81,20-04-23,38.4,38.0,21.1,20.4
82,21-04-23,36.7,38.2,17.6,20.7
83,22-04-23,35.1,38.2,16.7,20.7
84,23-04-23,36.1,38.2,18.2,20.7
85,24-04-23,37.4,38.2,18.9,20.7
86,25-04-23,38.3,38.2,17.6,20.7
87,26-04-23,36.7,38.7,22.2,21.5
88,27-04-23,35.6,38.7,21.2,21.5
89,28-04-23,35.2,38.7,21.4,21.5
90,29-04-23,34.8,38.7,22.0,21.5
91,30-04-23,34.4,38.7,19.0,21.5
92,01-05-23,34.4,38.5,19.2,21.6
93,02-05-23,33.4,38.5,18.9,21.6
94,03-05-23,33.9,38.5,19.7,21.6
95,04-05-23,34.3,38.5,19.4,21.6
96,05-05-23,35.5,38.5,21.3,21.6
97,06-05-23,35.3,38.0,21.8,22.6
98,07-05-23,34.8,38.0,23.0,22.6
99,08-05-23,36.8,38.0,24.2,22.6
100,09-05-23,36.5,38.0,24.2,22.6
101,10-05-23,40.1,38.0,24.8,22.6
102,11-05-23,41.0,37.5,22.7,22.3
103,12-05-23,40.8,37.5,23.9,22.3
104,13-05-23,38.0,37.5,25.1,22.3
105,14-05-23,37.5,37.5,23.2,22.3
106,15-05-23,36.5,37.5,24.1,22.3
107,16-05-23,36.2,36.9,23.1,23.4
108,17-05-23,38.5,36.9,21.3,23.4
109,18-05-23,39.5,36.9,23.4,23.4
110,19-05-23,39.7,36.9,22.6,23.4
111,20-05-23,38.5,36.9,23.1,23.4
112,21-05-23,38.8,36.6,22.8,23.7
113,22-05-23,38.1,36.6,22.3,23.7
114,23-05-23,40.1,36.6,22.8,23.7
115,24-05-23,37.6,36.6,23.7,23.7
116,25-05-23,36.2,36.6,24.0,23.7
117,26-05-23,35.9,36.3,24.4,23.8
118,27-05-23,35.6,36.3,22.7,23.8
119,28-05-23,37.2,36.3,23.3,23.8
120,29-05-23,39.1,36.3,23.3,23.8
121,30-05-23,39.1,36.3,21.9,23.8
122,31-05-23,39.6,35.7,22.5,23.6
123,01-06-23,40.1,35.7,22.3,23.6
124,02-06-23,36.5,35.7,22.7,23.6
125,03-06-23,37.1,35.7,23.8,23.6
126,04-06-23,35.1,35.7,24.4,23.6
127,05-06-23,34.7,34.3,22.4,23.4
128,06-06-23,36.1,34.3,23.3,23.4
129,07-06-23,37.4,34.3,23.8,23.4
130,08-06-23,37.6,34.3,23.6,23.4
131,09-06-23,37.4,34.3,23.8,23.4
132,10-06-23,35.8,32.4,24.9,23.3
133,11-06-23,35.9,32.4,24.7,23.3
134,12-06-23,36.4,32.4,24.9,23.3
135,13-06-23,33.6,32.4,25.8,23.3
137,15-06-23,34.2,30.9,25.4,22.9
138,16-06-23,33.8,30.9,25.3,22.9
139,17-06-23,33.6,30.9,24.7,22.9
140,18-06-23,34.1,30.9,24.8,22.9
141,19-06-23,34.7,30.9,23.9,22.9
142,20-06-23,35.1,30.4,23.7,23.0
143,21-06-23,34.9,30.4,24.4,23.0
144,22-06-23,34.9,30.4,24.2,23.0
145,23-06-23,34.5,30.4,23.9,23.0
146,24-06-23,29.5,30.4,24.8,23.0
147,25-06-23,27.6,29.7,22.6,22.8
148,26-06-23,27.6,29.7,22.3,22.8
149,27-06-23,28.2,29.7,22.2,22.8
150,28-06-23,28.1,29.7,22.7,22.8
151,29-06-23,28.0,29.7,22.4,22.8
152,30-06-23,27.1,29.2,21.9,22.7
153,01-07-23,27.3,29.2,21.8,22.7
154,02-07-23,28.6,29.2,22.7,22.7
155,03-07-23,30.3,29.2,22.7,22.7
156,04-07-23,29.7,29.2,23.3,22.7
157,05-07-23,30.8,29.0,22.9,22.6
158,06-07-23,28.8,29.0,23.1,22.6
159,07-07-23,29.1,29.0,22.8,22.6
160,08-07-23,28.7,29.0,22.7,22.6
161,09-07-23,30.3,29.0,22.4,22.6
162,10-07-23,29.4,28.6,23.1,22.5
163,11-07-23,28.9,28.6,21.9,22.5
164,12-07-23,30.1,28.6,23.0,22.5
165,13-07-23,30.4,28.6,23.3,22.5
166,14-07-23,27.1,28.6,22.3,22.5
167,15-07-23,30.2,28.3,23.2,22.4
168,16-07-23,28.2,28.3,21.9,22.4
169,17-07-23,25.9,28.3,22.0,22.4
170,18-07-23,26.2,28.3,22.3,22.4
171,19-07-23,26.1,28.3,21.2,22.4
172,20-07-23,28.6,28.0,22.3,22.3
173,21-07-23,27.8,28.0,22.4,22.3
174,22-07-23,26.7,28.0,22.2,22.3
175,23-07-23,26.5,28.0,21.7,22.3
176,24-07-23,27.8,28.0,22.5,22.3
177,25-07-23,25.8,27.6,22.3,22.1
178,26-07-23,27.1,27.6,22.1,22.1
179,27-07-23,25.6,27.6,22.3,22.1
180,28-07-23,26.1,27.6,21.3,22.1
181,29-07-23,27.3,27.6,21.8,22.1
182,30-07-23,28.3,27.5,21.9,21.9
183,31-07-23,27.7,27.5,22.3,21.9
184,01-08-23,27.9,27.5,22.1,21.9
185,02-08-23,27.8,27.5,22.4,21.9
186,03-08-23,28.3,27.5,22.5,21.9
187,04-08-23,28.4,27.3,22.3,21.9
188,05-08-23,28.1,27.3,21.8,21.9
189,06-08-23,27.6,27.3,21.9,21.9
190,07-08-23,28.3,27.3,22.6,21.9
191,08-08-23,29.2,27.3,22.9,21.9
192,09-08-23,30.3,27.4,22.3,21.9
193,10-08-23,29.4,27.4,22.1,21.9
194,11-08-23,30.3,27.4,21.1,21.9
195,12-08-23,29.4,27.4,21.9,21.9
196,13-08-23,28.8,27.4,21.4,21.9
197,14-08-23,30.4,27.6,22.3,21.8
198,15-08-23,27.5,27.6,21.8,21.8
199,16-08-23,30.5,27.6,22.0,21.8
200,17-08-23,27.3,27.6,21.7,21.8
201,18-08-23,29.2,27.6,21.4,21.8
202,19-08-23,28.4,28.4,21.9,21.6
203,20-08-23,27.0,28.4,21.7,21.6
204,21-08-23,30.1,28.4,20.9,21.6
205,22-08-23,29.5,28.4,21.3,21.6
206,23-08-23,29.9,28.4,21.5,21.6
207,24-08-23,29.5,28.2,21.4,21.4
209,26-08-23,29.1,28.2,21.4,21.4
210,27-08-23,29.9,28.2,21.3,21.4
211,28-08-23,29.6,28.2,21.8,21.4
212,29-08-23,30.8,28.2,21.4,21.4
213,30-08-23,31.9,28.2,20.7,21.4
214,31-08-23,33.8,28.2,21.5,21.4
215,01-09-23,32.3,28.2,22.8,21.4
216,02-09-23,27.5,28.2,22.3,21.4
217,03-09-23,29.1,28.6,21.2,21.2
218,04-09-23,29.3,28.6,22.1,21.2
219,05-09-23,30.8,28.6,20.6,21.2
220,06-09-23,30.3,28.6,21.3,21.2
221,07-09-23,27.1,28.6,22.8,21.2
222,08-09-23,25.4,29.0,20.8,21.0
223,09-09-23,27.4,29.0,22.0,21.0
224,10-09-23,29.1,29.0,22.8,21.0
225,11-09-23,30.8,29.0,22.4,21.0
226,12-09-23,30.2,29.0,21.6,21.0
227,13-09-23,30.3,29.5,21.6,20.9
228,14-09-23,30.8,29.5,21.2,20.9
229,15-09-23,30.2,29.5,21.4,20.9
230,16-09-23,27.7,29.5,22.3,20.9
231,17-09-23,28.7,29.5,22.0,20.9
232,18-09-23,29.7,29.5,21.3,20.9
233,19-09-23,30.1,29.5,21.5,20.9
234,20-09-23,30.4,29.5,22.1,20.9
235,21-09-23,30.8,29.5,22.0,20.9
236,22-09-23,29.5,29.5,22.3,20.9
237,23-09-23,28.6,30.5,21.9,20.9
238,24-09-23,30.2,30.5,21.0,20.9
239,25-09-23,30.7,30.5,21.8,20.9
240,26-09-23,31.8,30.5,22.0,20.9
241,27-09-23,28.6,30.5,21.1,20.9
242,28-09-23,31.5,30.9,21.1,21.0
243,29-09-23,30.7,30.9,21.2,21.0
244,30-09-23,29.6,30.9,21.5,21.0
245,01-10-23,29.1,30.9,22.9,21.0
246,02-10-23,27.8,30.9,21.0,21.0
247,03-10-23,31.2,31.3,21.8,20.6
248,04-10-23,33.4,31.3,21.1,20.6
249,05-10-23,32.4,31.3,19.3,20.6
250,06-10-23,33.6,31.3,19.2,20.6
251,07-10-23,33.9,31.3,20.4,20.6
252,08-10-23,34.1,31.9,20.7,20.4
253,09-10-23,34.0,31.9,20.9,20.4
254,10-10-23,34.6,31.9,19.2,20.4
255,11-10-23,34.7,31.9,19.5,20.4
256,12-10-23,33.8,31.9,20.3,20.4
257,13-10-23,34.4,31.6,19.9,19.5
258,14-10-23,34.6,31.6,19.5,19.5
259,15-10-23,34.7,31.6,19.7,19.5
260,16-10-23,34.0,31.6,20.9,19.5
261,17-10-23,34.4,31.6,21.0,19.5
262,18-10-23,34.3,31.6,21.2,18.7
263,19-10-23,34.1,31.6,21.8,18.7
264,20-10-23,32.3,31.6,21.7,18.7
265,21-10-23,32.9,31.6,21.4,18.7
266,22-10-23,33.4,31.6,22.3,18.7
267,23-10-23,34.1,31.5,18.2,17.2
268,24-10-23,33.6,31.5,18.5,17.2
269,25-10-23,32.9,31.5,18.2,17.2
270,26-10-23,32.6,31.5,17.3,17.2
271,27-10-23,32.1,31.5,14.4,17.2
272,28-10-23,32.3,31.5,14.0,15.9
274,30-10-23,32.1,31.5,15.2,15.9
275,31-10-23,31.2,31.5,16.4,15.9
276,01-11-23,31.8,31.5,14.9,15.9
277,02-11-23,32.4,31.3,14.7,16.0
278,03-11-23,32.1,31.3,16.0,16.0
279,04-11-23,31.9,31.3,16.8,16.0
280,05-11-23,32.1,31.3,18.0,16.0
281,06-11-23,31.4,31.3,16.1,16.0
282,07-11-23,31.7,31.0,16.4,15.8
283,08-11-23,29.5,31.0,21.4,15.8
284,09-11-23,32.1,31.0,19.4,15.8
285,10-11-23,30.8,31.0,20.7,15.8
286,11-11-23,31.5,31.0,19.2,15.8
287,12-11-23,31.8,30.7,17.7,15.4
288,13-11-23,31.6,30.7,17.3,15.4
289,14-11-23,31.5,30.7,16.6,15.4
290,15-11-23,31.2,30.7,16.3,15.4
291,16-11-23,30.6,30.7,14.4,15.4
292,17-11-23,30.3,30.4,14.4,15.0
293,18-11-23,31.6,30.4,14.9,15.0
294,19-11-23,32.6,30.4,16.9,15.0
295,20-11-23,31.5,30.4,18.5,15.0
296,21-11-23,30.6,30.4,17.4,15.0
297,22-11-23,31.7,30.3,14.9,14.3
298,23-11-23,31.2,30.3,15.6,14.3
299,24-11-23,30.1,30.3,17.3,14.3
300,25-11-23,30.3,30.3,17.9,14.3
301,26-11-23,32.6,30.3,21.3,14.3
302,27-11-23,30.8,30.3,19.7,13.9
303,28-11-23,29.1,30.3,18.8,13.9
304,29-11-23,30.3,30.3,17.3,13.9
305,30-11-23,32.2,30.3,18.6,13.9
306,01-12-23,31.9,30.3,16.9,13.9
307,02-12-23,31.7,30.0,16.6,13.5
308,03-12-23,31.3,30.0,17.5,13.5
309,04-12-23,30.7,30.0,17.1,13.5
310,05-12-23,29.6,30.0,16.5,13.5
311,06-12-23,27.5,30.0,18.4,13.5
312,07-12-23,28.3,29.6,15.7,11.9
313,08-12-23,29.6,29.6,15.1,11.9
314,09-12-23,30.0,29.6,15.4,11.9
315,10-12-23,31.0,29.6,15.3,11.9
316,11-12-23,31.0,29.6,15.8,11.9
317,12-12-23,31.4,29.3,15.7,12.1
318,13-12-23,30.7,29.3,15.0,12.1
319,14-12-23,28.8,29.3,14.0,12.1
320,15-12-23,28.4,29.3,12.3,12.1
321,16-12-23,27.9,29.3,12.0,12.1
322,17-12-23,27.3,29.2,13.2,11.0
323,18-12-23,27.4,29.2,14.5,11.0
324,19-12-23,27.0,29.2,15.2,11.0
326,21-12-23,29.5,29.2,14.9,11.0
327,22-12-23,29.1,29.3,13.3,10.7
328,23-12-23,31.3,29.3,12.5,10.7
329,24-12-23,29.9,29.3,11.3,10.7
330,25-12-23,31.8,29.3,11.7,10.7
331,26-12-23,33.5,29.3,12.3,10.7
332,27-12-23,31.3,29.3,13.2,11.1
333,28-12-23,30.7,29.3,12.1,11.1
334,29-12-23,31.2,29.3,13.0,11.1
335,30-12-23,32.5,29.3,11.9,11.1
336,31-12-23,31.5,29.3,12.8,11.1
337,01-01-24,31.5,28.9,13.1,11.3
338,02-01-24,31.0,28.9,13.6,11.3
339,03-01-24,30.6,28.9,15.8,11.3
340,04-01-24,30.4,28.9,15.9,11.3
341,05-01-24,29.8,28.9,14.0,11.3
342,06-01-24,29.5,29.1,14.6,11.0
343,07-01-24,30.1,29.1,15.0,11.0
344,08-01-24,30.3,29.1,15.1,11.0
345,09-01-24,24.8,29.1,18.2,11.0
346,10-01-24,25.9,29.1,16.4,11.0
347,11-01-24,31.7,29.8,17.3,11.2
348,12-01-24,32.5,29.8,15.2,11.2
349,13-01-24,33.3,29.8,14.4,11.2
350,14-01-24,32.8,29.8,15.4,11.2
351,15-01-24,32.1,29.8,12.2,11.2
352,16-01-24,32.9,29.9,10.8,11.3
353,17-01-24,31.5,29.9,12.0,11.3
354,18-01-24,28.5,29.9,11.5,11.3
355,19-01-24,31.1,29.9,11.7,11.3
356,20-01-24,30.7,29.9,13.4,11.3
357,21-01-24,29.7,30.2,12.8,11.2
358,22-01-24,32.4,30.2,12.1,11.2
359,23-01-24,29.6,30.2,11.4,11.2
360,24-01-24,29.1,30.2,9.7,11.2
361,25-01-24,29.7,30.2,8.6,11.2
362,26-01-24,31.6,30.4,10.0,11.3
363,27-01-24,31.0,30.4,12.7,11.3
364,28-01-24,32.1,30.4,13.3,11.3
365,29-01-24,31.5,30.4,13.7,11.3
366,30-01-24,31.8,30.4,13.6,11.3
367,31-01-24,32.5,30.4,13.4,11.3
368,01-02-24,30.0,31.0,10.9,12.0
369,02-02-24,30.7,31.0,12.6,12.0
370,03-02-24,32.3,31.0,12.6,12.0
371,04-02-24,33.5,31.0,14.1,12.0
372,05-02-24,34.8,31.4,16.2,12.0
373,06-02-24,35.1,31.4,16.0,12.0
374,07-02-24,35.5,31.4,16.1,12.0
375,08-02-24,33.6,31.4,14.0,12.0
376,09-02-24,34.6,31.4,13.6,12.0
377,10-02-24,35.8,31.6,12.4,12.4
378,11-02-24,34.2,31.6,11.6,12.4
379,12-02-24,33.6,31.6,13.1,12.4
380,13-02-24,33.8,31.6,12.7,12.4
381,14-02-24,31.6,31.6,13.9,12.4
382,15-02-24,33.2,32.3,14.1,12.9
383,16-02-24,34.6,32.3,16.5,12.9
384,17-02-24,35.3,32.3,14.6,12.9
385,18-02-24,35.1,32.3,15.5,12.9
386,19-02-24,35.3,32.3,14.7,12.9
387,20-02-24,34.3,33.3,13.0,13.4
388,21-02-24,32.6,33.3,13.3,13.4
389,22-02-24,32.1,33.3,12.5,13.4
390,23-02-24,32.4,33.3,11.7,13.4
391,24-02-24,33.6,33.3,12.8,13.4
392,25-02-24,33.6,33.9,10.9,13.6
393,26-02-24,35.1,33.9,14.9,13.6
394,27-02-24,34.8,33.9,18.2,13.6
395,28-02-24,35.1,33.9,18.1,13.6
396,29-02-24,36.0,33.9,18.4,13.6
397,01-03-24,36.1,33.9,20.9,13.6
398,02-03-24,34.2,34.2,17.7,14.7
399,03-03-24,31.4,34.2,16.8,14.7
400,04-03-24,33.6,34.2,13.0,14.7
401,05-03-24,35.8,34.2,13.4,14.7
402,06-03-24,35.0,34.2,14.4,14.7
403,07-03-24,35.6,34.6,11.3,14.7
404,08-03-24,35.4,34.6,15.1,14.7
405,09-03-24,35.9,34.6,14.4,14.7
406,10-03-24,36.9,34.6,14.8,14.7
407,11-03-24,36.9,34.6,15.3,14.7
408,12-03-24,37.3,34.9,16.5,15.7
409,13-03-24,35.4,34.9,15.4,15.7
410,14-03-24,36.1,34.9,14.9,15.7
411,15-03-24,35.8,34.9,14.1,15.7
412,16-03-24,35.4,34.9,15.2,15.7
413,17-03-24,36.0,36.4,15.6,16.4
414,18-03-24,35.4,36.4,16.0,16.4
415,19-03-24,35.8,36.4,16.1,16.4
416,20-03-24,36.1,36.4,14.9,16.4
417,21-03-24,37.2,36.4,14.2,16.4
418,22-03-24,37.5,36.7,18.5,17.0
419,23-03-24,37.7,36.7,17.5,17.0
420,24-03-24,37.7,36.7,17.7,17.0
421,25-03-24,38.9,36.7,18.9,17.0
422,26-03-24,38.9,36.7,18.6,17.0
423,27-03-24,39.5,37.2,20.5,17.8
424,28-03-24,38.6,37.2,20.9,17.8
425,29-03-24,39.1,37.2,23.4,17.8
426,30-03-24,38.8,37.2,22.5,17.8
427,31-03-24,38.4,37.2,22.4,17.8
428,01-04-24,39.6,37.3,20.3,18.2
429,02-04-24,39.2,37.3,18.9,18.2
430,03-04-24,39.4,37.3,18.9,18.2
431,04-04-24,39.1,37.3,19.4,18.2
432,05-04-24,39.6,37.3,19.8,18.2
433,06-04-24,39.6,37.4,19.5,19.1
434,07-04-24,38.5,37.4,20.9,19.1
435,08-04-24,38.5,37.4,17.8,19.1
436,09-04-24,39.0,37.4,18.9,19.1
437,10-04-24,39.5,37.4,19.0,19.1
438,11-04-24,39.0,37.8,19.8,19.7
439,12-04-24,38.6,37.8,20.8,19.7
440,13-04-24,39.1,37.8,17.8,19.7
441,14-04-24,39.9,37.8,18.1,19.7
442,15-04-24,40.8,37.8,22.2,19.7
443,16-04-24,40.7,38.0,24.8,20.4
444,17-04-24,39.8,38.0,23.9,20.4
445,18-04-24,41.0,38.0,24.1,20.4
446,19-04-24,39.5,38.0,24.7,20.4
447,20-04-24,39.2,38.0,23.9,20.4
448,21-04-24,37.8,38.2,20.9,20.7
449,22-04-24,39.0,38.2,21.4,20.7
450,23-04-24,39.6,38.2,21.7,20.7
451,24-04-24,38.5,38.2,22.2,20.7
452,25-04-24,39.4,38.2,22.9,20.7
453,26-04-24,40.3,38.7,23.4,21.5
454,27-04-24,39.9,38.7,23.7,21.5
455,28-04-24,41.3,38.7,23.8,21.5
456,29-04-24,41.8,38.7,23.2,21.5
457,30-04-24,41.7,38.7,22.4,21.5
458,01-05-24,38.9,38.5,25.3,21.6
459,02-05-24,39.7,38.5,18.7,21.6
460,03-05-24,40.1,38.5,18.3,21.6
461,04-05-24,39.6,38.5,21.5,21.6
462,05-05-24,40.3,38.5,22.5,21.6
463,06-05-24,38.6,38.0,24.6,22.6
464,07-05-24,39.3,38.0,22.3,22.6
465,08-05-24,39.4,38.0,22.5,22.6
466,09-05-24,39.3,38.0,23.6,22.6
467,10-05-24,37.7,38.0,24.3,22.6
468,11-05-24,37.8,37.5,21.2,22.3
469,12-05-24,31.4,37.5,19.8,22.3
470,13-05-24,36.3,37.5,23.3,22.3
471,14-05-24,37.1,37.5,22.7,22.3
472,15-05-24,37.5,37.5,21.4,22.3
473,16-05-24,36.8,36.9,22.0,23.4
474,17-05-24,36.6,36.9,23.3,23.4
475,18-05-24,38.1,36.9,24.4,23.4
476,19-05-24,38.7,36.9,25.3,23.4
477,20-05-24,38.8,36.9,22.3,23.4
478,21-05-24,40.6,36.6,25.7,23.7
479,22-05-24,38.9,36.6,27.3,23.7
480,23-05-24,37.9,36.6,25.7,23.7
481,24-05-24,37.6,36.6,26.5,23.7
482,25-05-24,35.9,36.6,25.4,23.7
483,26-05-24,35.7,36.3,25.3,23.8
484,27-05-24,29.9,36.3,25.9,23.8
485,28-05-24,35.6,36.3,25.2,23.8
486,29-05-24,35.7,36.3,24.1,23.8
487,30-05-24,36.5,36.3,24.4,23.8
488,31-05-24,37.1,35.7,24.9,23.6
489,01-06-24,37.2,35.7,24.9,23.6
490,02-06-24,36.6,35.7,25.1,23.6
491,03-06-24,35.3,35.7,25.2,23.6
492,04-06-24,36.6,35.7,24.1,23.6
493,05-06-24,34.7,34.3,21.2,23.4
494,06-06-24,34.9,34.3,24.2,23.4
495,07-06-24,34.4,34.3,22.9,23.4
496,08-06-24,34.6,34.3,24.2,23.4
497,09-06-24,29.2,34.3,21.2,23.4
498,10-06-24,31.3,32.4,21.6,23.3
499,11-06-24,31.5,32.4,22.4,23.3
500,12-06-24,32.6,32.4,24.2,23.3
501,13-06-24,31.9,32.4,24.4,23.3
502,14-06-24,30.6,32.4,23.9,23.3
503,15-06-24,32.4,30.9,23.2,22.9
504,16-06-24,33.8,30.9,22.7,22.9
505,17-06-24,34.3,30.9,23.2,22.9
506,18-06-24,33.1,30.9,23.6,22.9
507,19-06-24,31.3,30.9,22.9,22.9
508,20-06-24,32.0,30.4,24.2,23.0
509,21-06-24,31.0,30.4,23.0,23.0
510,22-06-24,32.6,30.4,23.1,23.0
512,24-06-24,33.3,30.4,23.4,23.0
513,25-06-24,33.7,29.7,24.3,22.8
514,26-06-24,31.0,29.7,24.2,22.8
515,27-06-24,30.2,29.7,24.2,22.8
516,28-06-24,28.9,29.7,22.9,22.8
517,29-06-24,30.5,29.7,23.2,22.8
518,30-06-24,28.7,29.2,23.8,22.7
519,01-07-24,30.1,29.2,23.8,22.7
520,02-07-24,29.8,29.2,23.5,22.7
521,03-07-24,30.4,29.2,23.4,22.7
522,04-07-24,30.0,29.2,23.7,22.7
523,05-07-24,29.6,29.0,23.4,22.6
524,06-07-24,29.8,29.0,23.2,22.6
525,07-07-24,29.6,29.0,22.3,22.6
526,08-07-24,29.4,29.0,22.5,22.6
527,09-07-24,29.4,29.0,21.2,22.6
528,10-07-24,31.3,28.6,21.6,22.5
529,11-07-24,30.9,28.6,21.4,22.5
530,12-07-24,28.0,28.6,21.8,22.5
531,13-07-24,26.6,28.6,21.0,22.5
532,14-07-24,27.8,28.6,21.5,22.5
533,15-07-24,30.0,28.3,23.2,22.4
534,16-07-24,29.1,28.3,23.0,22.4
535,17-07-24,29.2,28.3,22.9,22.4
536,18-07-24,27.4,28.3,23.2,22.4
537,19-07-24,27.6,28.3,22.9,22.4
538,20-07-24,26.8,28.0,22.7,22.3
539,21-07-24,28.2,28.0,22.8,22.3
540,22-07-24,25.8,28.0,22.8,22.3
541,23-07-24,26.8,28.0,22.9,22.3
542,24-07-24,25.8,28.0,22.2,22.3
543,25-07-24,23.9,27.6,21.9,22.1
544,26-07-24,27.7,27.6,21.5,22.1
545,27-07-24,27.3,27.6,23.2,22.1
546,28-07-24,27.3,27.6,23.1,22.1
547,29-07-24,27.1,27.6,22.8,22.1
548,30-07-24,27.6,27.5,23.7,21.9
549,31-07-24,27.3,27.5,23.2,21.9
550,01-08-24,28.0,27.5,22.7,21.9
551,02-08-24,25.5,27.5,22.4,21.9
552,03-08-24,26.9,27.5,22.8,21.9
553,04-08-24,24.7,27.3,22.2,21.9
554,05-08-24,27.8,27.3,22.9,21.9
555,06-08-24,28.4,27.3,22.4,21.9
556,07-08-24,28.1,27.3,22.5,21.9
557,08-08-24,29.4,27.3,22.6,21.9
558,09-08-24,26.8,27.4,22.1,21.9
559,10-08-24,27.6,27.4,21.8,21.9
560,11-08-24,28.6,27.4,21.7,21.9
561,12-08-24,30.6,27.4,21.6,21.9
562,13-08-24,31.5,27.4,21.4,21.9
563,14-08-24,31.7,27.6,22.0,21.8
564,15-08-24,31.6,27.6,21.8,21.8
566,17-08-24,32.6,27.6,22.6,21.8
567,18-08-24,33.7,27.6,23.5,21.8
568,19-08-24,32.7,28.4,21.8,21.6
569,20-08-24,31.1,28.4,22.3,21.6
570,21-08-24,31.5,28.4,22.5,21.6
571,22-08-24,32.8,28.4,23.1,21.6
572,23-08-24,29.5,28.4,23.8,21.6
573,24-08-24,26.6,28.2,23.2,21.4
574,25-08-24,26.6,28.2,21.2,21.4
575,26-08-24,28.4,28.2,22.0,21.4
576,27-08-24,28.1,28.2,21.4,21.4
577,28-08-24,28.7,28.2,21.4,21.4
578,29-08-24,29.2,28.2,22.1,21.4
579,30-08-24,28.5,28.2,21.5,21.4
580,31-08-24,29.3,28.2,21.5,21.4
581,01-09-24,27.9,28.2,22.3,21.4
582,02-09-24,26.2,28.2,22.5,21.4
583,03-09-24,29.1,28.6,22.9,21.2
584,04-09-24,29.6,28.6,22.7,21.2
585,05-09-24,28.9,28.6,22.2,21.2
586,06-09-24,29.1,28.6,22.1,21.2
587,07-09-24,29.8,28.6,22.0,21.2
588,08-09-24,29.8,29.0,21.7,21.0
589,09-09-24,30.1,29.0,21.8,21.0
590,10-09-24,30.0,29.0,22.0,21.0
591,11-09-24,29.2,29.0,21.3,21.0
592,12-09-24,28.4,29.0,21.2,21.0
593,13-09-24,29.2,29.5,19.9,20.9
594,14-09-24,29.7,29.5,19.2,20.9
595,15-09-24,26.3,29.5,20.9,20.9
596,16-09-24,30.1,29.5,18.7,20.9
597,17-09-24,30.3,29.5,19.3,20.9
598,18-09-24,31.0,29.5,18.8,20.9
599,19-09-24,31.8,29.5,20.3,20.9
600,20-09-24,32.2,29.5,22.6,20.9
601,21-09-24,29.4,29.5,23.2,20.9
602,22-09-24,31.6,29.5,21.3,20.9
603,23-09-24,30.5,30.5,22.0,20.9
604,24-09-24,31.1,30.5,22.5,20.9
605,25-09-24,30.3,30.5,22.9,20.9
606,26-09-24,29.4,30.5,22.2,20.9
607,27-09-24,27.9,30.5,22.4,20.9
608,28-09-24,28.8,30.9,21.8,21.0
609,29-09-24,30.7,30.9,21.3,21.0
610,30-09-24,33.2,30.9,20.4,21.0
611,01-10-24,34.9,30.9,21.9,21.0
612,02-10-24,33.8,30.9,23.4,21.0
613,03-10-24,31.9,31.3,23.2,20.6
614,04-10-24,31.9,31.3,21.5,20.6
615,05-10-24,32.9,31.3,20.2,20.6
